id,name,field,value,ppm,sourceUrl
1000,"DOLIPRANE 1000MG",posology,"À compléter",18.5,""
1000,"DOLIPRANE 1000MG",contraindications,"À compléter",18.5,""
1000,"DOLIPRANE 1000MG",sideEffects,"À compléter",18.5,""
1000,"DOLIPRANE 1000MG",conservation,"À compléter",18.5,""
1001,"AMOXICILLINE 500MG",posology,"À compléter",21.5,""
1001,"AMOXICILLINE 500MG",contraindications,"À compléter",21.5,""
1001,"AMOXICILLINE 500MG",sideEffects,"À compléter",21.5,""
1001,"AMOXICILLINE 500MG",conservation,"À compléter",21.5,""
1002,"AZITHROMYCINE 500MG",posology,"À compléter",59,""
1002,"AZITHROMYCINE 500MG",contraindications,"À compléter",59,""
1002,"AZITHROMYCINE 500MG",sideEffects,"À compléter",59,""
1002,"AZITHROMYCINE 500MG",conservation,"À compléter",59,""
1004,"LORATADINE 10MG",posology,"À compléter",24.5,""
1004,"LORATADINE 10MG",contraindications,"À compléter",24.5,""
1004,"LORATADINE 10MG",sideEffects,"À compléter",24.5,""
1004,"LORATADINE 10MG",conservation,"À compléter",24.5,""
1005,"METFORMINE 850MG",posology,"À compléter",46,""
1005,"METFORMINE 850MG",contraindications,"À compléter",46,""
1005,"METFORMINE 850MG",sideEffects,"À compléter",46,""
1005,"METFORMINE 850MG",conservation,"À compléter",46,""
1006,"ATORVASTATINE 20MG",indications,"À compléter",84,""
1006,"ATORVASTATINE 20MG",posology,"À compléter",84,""
1006,"ATORVASTATINE 20MG",contraindications,"À compléter",84,""
1006,"ATORVASTATINE 20MG",sideEffects,"À compléter",84,""
1006,"ATORVASTATINE 20MG",conservation,"À compléter",84,""
1008,"OMEPRAZOLE 20MG",posology,"À compléter",29,""
1008,"OMEPRAZOLE 20MG",contraindications,"À compléter",29,""
1008,"OMEPRAZOLE 20MG",sideEffects,"À compléter",29,""
1008,"OMEPRAZOLE 20MG",conservation,"À compléter",29,""
1010,"BETA-DINE 10%",posology,"À compléter",22,""
1010,"BETA-DINE 10%",contraindications,"À compléter",22,""
1010,"BETA-DINE 10%",sideEffects,"À compléter",22,""
1010,"BETA-DINE 10%",conservation,"À compléter",22,""
1011,"SERINGUE 5ML",posology,"À compléter",3.5,""
1011,"SERINGUE 5ML",contraindications,"À compléter",3.5,""
1011,"SERINGUE 5ML",sideEffects,"À compléter",3.5,""
1011,"SERINGUE 5ML",conservation,"À compléter",3.5,""
1001,"PARACETAMOL 500MG",posology,"À compléter",25.5,""
1001,"PARACETAMOL 500MG",contraindications,"À compléter",25.5,""
1001,"PARACETAMOL 500MG",sideEffects,"À compléter",25.5,""
1001,"PARACETAMOL 500MG",conservation,"À compléter",25.5,""
1003,"AMOXICILLINE 1G",posology,"À compléter",85,""
1003,"AMOXICILLINE 1G",contraindications,"À compléter",85,""
1003,"AMOXICILLINE 1G",sideEffects,"À compléter",85,""
1003,"AMOXICILLINE 1G",conservation,"À compléter",85,""
1004,"VITAMINE C 500MG",posology,"À compléter",45,""
1004,"VITAMINE C 500MG",contraindications,"À compléter",45,""
1004,"VITAMINE C 500MG",sideEffects,"À compléter",45,""
1004,"VITAMINE C 500MG",conservation,"À compléter",45,""
1005,"OMEPRAZOLE 20MG",posology,"À compléter",78.5,""
1005,"OMEPRAZOLE 20MG",contraindications,"À compléter",78.5,""
1005,"OMEPRAZOLE 20MG",sideEffects,"À compléter",78.5,""
1005,"OMEPRAZOLE 20MG",conservation,"À compléter",78.5,""
1006,"METFORMINE 850MG",posology,"À compléter",95,""
1006,"METFORMINE 850MG",contraindications,"À compléter",95,""
1006,"METFORMINE 850MG",sideEffects,"À compléter",95,""
1006,"METFORMINE 850MG",conservation,"À compléter",95,""
1008,"SERINGUE 5ML",posology,"À compléter",3.5,""
1008,"SERINGUE 5ML",contraindications,"À compléter",3.5,""
1008,"SERINGUE 5ML",sideEffects,"À compléter",3.5,""
1008,"SERINGUE 5ML",conservation,"À compléter",3.5,""
1009,"SPARADRAP 5M X 2.5CM",posology,"À compléter",18,""
1009,"SPARADRAP 5M X 2.5CM",contraindications,"À compléter",18,""
1009,"SPARADRAP 5M X 2.5CM",sideEffects,"À compléter",18,""
1009,"SPARADRAP 5M X 2.5CM",conservation,"À compléter",18,""
1010,"LORATADINE 10MG",posology,"À compléter",42,""
1010,"LORATADINE 10MG",contraindications,"À compléter",42,""
1010,"LORATADINE 10MG",sideEffects,"À compléter",42,""
1010,"LORATADINE 10MG",conservation,"À compléter",42,""
1011,"INSULINE RAPIDE",indications,"À compléter",450,""
1011,"INSULINE RAPIDE",posology,"À compléter",450,""
1011,"INSULINE RAPIDE",contraindications,"À compléter",450,""
1011,"INSULINE RAPIDE",sideEffects,"À compléter",450,""
1011,"INSULINE RAPIDE",conservation,"À compléter",450,""
1012,"MASQUE CHIRURGICAL",indications,"À compléter",0.8,""
1012,"MASQUE CHIRURGICAL",posology,"À compléter",0.8,""
1012,"MASQUE CHIRURGICAL",contraindications,"À compléter",0.8,""
1012,"MASQUE CHIRURGICAL",sideEffects,"À compléter",0.8,""
1012,"MASQUE CHIRURGICAL",conservation,"À compléter",0.8,""
1037,"ACDIGEST, GÉLULE",posology,"À compléter",80,""
1037,"ACDIGEST, GÉLULE",contraindications,"À compléter",80,""
1037,"ACDIGEST, GÉLULE",sideEffects,"À compléter",80,""
1037,"ACDIGEST, GÉLULE",conservation,"À compléter",80,""
1038,"ACERUMEN, FLACON UNIDOSE",posology,"À compléter",10,""
1038,"ACERUMEN, FLACON UNIDOSE",contraindications,"À compléter",10,""
1038,"ACERUMEN, FLACON UNIDOSE",sideEffects,"À compléter",10,""
1038,"ACERUMEN, FLACON UNIDOSE",conservation,"À compléter",10,""
1045,"ACTALEVURE, GELULE",posology,"À compléter",80,""
1045,"ACTALEVURE, GELULE",contraindications,"À compléter",80,""
1045,"ACTALEVURE, GELULE",sideEffects,"À compléter",80,""
1045,"ACTALEVURE, GELULE",conservation,"À compléter",80,""
1051,"ACTICARBON PLUS, GÉLULES",posology,"À compléter",10,""
1051,"ACTICARBON PLUS, GÉLULES",contraindications,"À compléter",10,""
1051,"ACTICARBON PLUS, GÉLULES",sideEffects,"À compléter",10,""
1051,"ACTICARBON PLUS, GÉLULES",conservation,"À compléter",10,""
1089,"ADFIL, ÉMULSION",indications,"À compléter",39,""
1089,"ADFIL, ÉMULSION",posology,"À compléter",39,""
1089,"ADFIL, ÉMULSION",contraindications,"À compléter",39,""
1089,"ADFIL, ÉMULSION",sideEffects,"À compléter",39,""
1089,"ADFIL, ÉMULSION",conservation,"À compléter",39,""
1114,"ALFLOREX, GELULE",posology,"À compléter",60,""
1114,"ALFLOREX, GELULE",contraindications,"À compléter",60,""
1114,"ALFLOREX, GELULE",sideEffects,"À compléter",60,""
1114,"ALFLOREX, GELULE",conservation,"À compléter",60,""
1126,"ALPHA-KADOL, POMMADE",posology,"À compléter",21,""
1126,"ALPHA-KADOL, POMMADE",contraindications,"À compléter",21,""
1126,"ALPHA-KADOL, POMMADE",sideEffects,"À compléter",21,""
1126,"ALPHA-KADOL, POMMADE",conservation,"À compléter",21,""
1164,"ANTIBIO-SYNALAR, GOUTTE AURICULAIRE",indications,"À compléter",18,""
1164,"ANTIBIO-SYNALAR, GOUTTE AURICULAIRE",posology,"À compléter",18,""
1164,"ANTIBIO-SYNALAR, GOUTTE AURICULAIRE",contraindications,"À compléter",18,""
1164,"ANTIBIO-SYNALAR, GOUTTE AURICULAIRE",sideEffects,"À compléter",18,""
1164,"ANTIBIO-SYNALAR, GOUTTE AURICULAIRE",conservation,"À compléter",18,""
1177,"APIMAX GELEE ROYALE, AMPOULES BUVABLES",indications,"À compléter",60,""
1177,"APIMAX GELEE ROYALE, AMPOULES BUVABLES",posology,"À compléter",60,""
1177,"APIMAX GELEE ROYALE, AMPOULES BUVABLES",contraindications,"À compléter",60,""
1177,"APIMAX GELEE ROYALE, AMPOULES BUVABLES",sideEffects,"À compléter",60,""
1177,"APIMAX GELEE ROYALE, AMPOULES BUVABLES",conservation,"À compléter",60,""
1259,"ARTHRODONT, PÂTE GINGIVALE",indications,"À compléter",20,""
1259,"ARTHRODONT, PÂTE GINGIVALE",posology,"À compléter",20,""
1259,"ARTHRODONT, PÂTE GINGIVALE",contraindications,"À compléter",20,""
1259,"ARTHRODONT, PÂTE GINGIVALE",sideEffects,"À compléter",20,""
1259,"ARTHRODONT, PÂTE GINGIVALE",conservation,"À compléter",20,""
1356,"ALGIPAN, BAUME",indications,"À compléter",13,""
1356,"ALGIPAN, BAUME",posology,"À compléter",13,""
1356,"ALGIPAN, BAUME",contraindications,"À compléter",13,""
1356,"ALGIPAN, BAUME",sideEffects,"À compléter",13,""
1356,"ALGIPAN, BAUME",conservation,"À compléter",13,""